类别,方案,RSA位数,财富上界N,在线耗时(ms),含密钥生成(ms),通信字节,交互轮数,模幂次数
性能对比,任务一 Yao 原始方案,1024,100,762.38,918.40,6984,8,308
性能对比,任务二 1-out-of-n OT,1024,100,352.65,453.20,16290,4,101
性能对比,任务一 Yao 原始方案,2048,100,5024.91,6666.58,13959,8,305
性能对比,任务二 1-out-of-n OT,2048,100,2372.85,3231.32,29346,4,101
可扩展性,任务一 Yao 原始方案,1024,10,86.51,,1224,8,
可扩展性,任务二 1-out-of-n OT,1024,10,36.44,,1890,4,
可扩展性,任务一 Yao 原始方案,1024,25,191.15,,2184,8,
可扩展性,任务二 1-out-of-n OT,1024,25,90.75,,4291,4,
可扩展性,任务一 Yao 原始方案,1024,50,376.01,,3783,8,
可扩展性,任务二 1-out-of-n OT,1024,50,182.09,,8291,4,
可扩展性,任务一 Yao 原始方案,1024,100,728.16,,6979,8,
可扩展性,任务二 1-out-of-n OT,1024,100,356.35,,16290,4,
